Model,F1
Tree,0.157177
Extra,0.186522
Forest,0.206576
Adaboost,0.135995
Deep Epoch 1,0.104938