Model,F1
Tree,0.066888
Extra,0.14333
Forest,0.174487
Adaboost,0.076046
Deep Epoch 1,0.132075