Model,F1
Tree,0.177804
Extra,0.173410
Forest,0.231304
Adaboost,0.123664
Deep Epoch 2,0.106918