Model,F1
Tree,0.055814
Extra,0.096028
Forest,0.108925
Adaboost,0.012195
Deep Epoch 2,0.092592